nome,idade,sexo
Nicole Duarte,62,F
Yuri da Rosa,38,M
Sofia Jesus,49,F
Srta. Luana Rodrigues,69,F
Cauan Farias,23,M
Maria Eduarda Jesus,60,F
Matheus Dias,58,M
Mariane Peixoto,59,F
Ana Luiza Campos,60,F
Cecilia Nunes,63,F
Clarice da Rosa,53,F
Stephany Farias,39,F
Henrique Barbosa,44,M
Ana Lucia Moraes,49,F
Bruna da Cunha,33,F
Caroline da Conceica,32,F
Dr. Carlos Eduardo Farias,57,M
Ana Clara Martins,28,F
Esther Lima,63,F
Joao Guilherme Caldeira,63,M
Vitor Hugo da Mata,41,M
Dr. Joao Pedro Moura,53,M
Dra. Beatriz da Rosa,33,F
Thiago Melo,25,M
Sr. Davi Vieira,19,M
Joao Vitor Porto,27,M
Joana Barros,42,F
Natalia Araujo,61,F
Srta. Clarice Melo,21,F
Ana Beatriz da Conceicao,23,F
Mirella Castro,34,F
Sr. Emanuel da Costa,51,M
Ian Rocha,21,M
Pedro da Rosa,40,M
Paulo Carvalho,25,M
Olivia Azevedo,60,F
Pietro Costa,55,M
Joao Pedro Rezende,35,M
Pedro Lima,68,M
Dr. Eduardo Souza,27,M
Juliana Melo,22,F
Giovanna Ferreira,70,F
Andre da Rocha,41,M
Maria Clara da Cruz,46,F
Ryan da Mota,21,M
Maria Cecilia Cardoso,36,F
Yasmin Moraes,43,F
Evelyn Ferreira,49,F
Yago Campos,65,M
Marcela Almeida,27,F
Daniela Rezende,20,F
Ana Laura Santos,21,F
Carolina Alves,62,F
Dra. Milena da Luz,28,F
Kevin Monteiro,65,M
Maria Luiza Fogaza,27,F
Luiz Henrique Melo,65,M
Lais Castro,32,F
Juliana Sales,43,F
Sarah Nogueira,29,F
Cauan Martins,31,M
Cauan Lopes,22,M
Ana Beatriz Dias,23,F
Raul Lima,38,M
Murilo Castro,69,M
Amanda Fernandes,35,F
Luiz Felipe Pires,67,M
Lara Novaes,29,F
Bianca Fogaza,29,F
Isabelly Silva,28,F
Sr. Gabriel Campos,18,M
Davi Cardoso,42,M
Srta. Barbara Correia,20,F
Sr. Andre Rocha,69,M
Isis Vieira,59,F
Sr. Rafael Santos,64,M
Thales da Rocha,52,M
Ana Livia Caldeira,52,F
Alicia da Conceicao,22,F
Fernanda Lima,33,F
Pedro Miguel da Luz,31,M
Nicolas Gomes,46,M
Julia Nunes,51,F
Kevin Araujo,18,M
Sr. Joao Felipe Cunha,36,M
Dr. Raul Pinto,67,M
Isabelly Ramos,58,F
Maria Alice Gomes,24,F
Sr. Vicente Vieira,26,M
Antonio Nogueira,56,M
Maite da Paz,44,F
Sr. Davi Luiz Carvalho,43,M
Luiz Fernando da Mota,50,M
Lucca Freitas,54,M
Dr. Carlos Eduardo Melo,58,M
Maria Fernanda Novaes,44,F
Vicente Gomes,48,M
Emanuella Mendes,32,F
Leticia da Cruz,29,F
Eloah Vieira,35,F
